{
  "link_bio": [
    {
      "name": "GitHub",
      "url": "https://github.com/iyayn-ajah"
    },
    {
      "name": "Telegram",
      "url": "https://t.me/AfiqAjah"
    },
    {
      "name": "WhatsApp",
      "url": "https://whatsapp.com/channel/0029VaoJb11LikgEpNpBty0e"
    },
    {
      "name": "Instagram",
      "url": "https://www.instagram.com/iyayn_ajah/"
    },
    {
      "name": "YouTube",
      "url": "https://www.youtube.com/@shikaku-doang"
    },
    {
      "name": "Facebook",
      "url": "https://web.facebook.com/shikakuiyayn"
    }
  ]
}
